model	confidence score
ranked_0	82.61950819974889
ranked_1	81.93713510280728
ranked_2	81.86158618197325
ranked_3	80.83229870743773
ranked_4	79.4478744545096
