{
    "plddts": {
        "model_1": 91.64074293618908,
        "model_2": 91.64610294383813,
        "model_3": 89.59765696525848,
        "model_4": 88.52443947882685,
        "model_5": 88.59715443551958
    },
    "order": [
        "model_2",
        "model_1",
        "model_3",
        "model_5",
        "model_4"
    ]
}