{
    "plddts": {
        "model_1": 81.25002454706568,
        "model_2": 82.15056292881425,
        "model_3": 80.13806620023891,
        "model_4": 80.45021922026162,
        "model_5": 82.40900778575701
    },
    "order": [
        "model_5",
        "model_2",
        "model_1",
        "model_4",
        "model_3"
    ]
}