{
    "plddts": {
        "model_1": 81.86158618197325,
        "model_2": 81.93713510280728,
        "model_3": 79.4478744545096,
        "model_4": 80.83229870743773,
        "model_5": 82.61950819974889
    },
    "order": [
        "model_5",
        "model_2",
        "model_1",
        "model_4",
        "model_3"
    ]
}