{
    "features": 2515.237164735794,
    "process_features_model_1": 5.769741058349609,
    "predict_and_compile_model_1": 230.59448051452637,
    "relax_model_1": 45.60454607009888,
    "process_features_model_2": 2.6217689514160156,
    "predict_and_compile_model_2": 216.01339721679688,
    "relax_model_2": 35.16107773780823,
    "process_features_model_3": 2.2242002487182617,
    "predict_and_compile_model_3": 156.00456762313843,
    "relax_model_3": 35.19793701171875,
    "process_features_model_4": 2.1127848625183105,
    "predict_and_compile_model_4": 153.4141595363617,
    "relax_model_4": 30.760568380355835,
    "process_features_model_5": 2.458301067352295,
    "predict_and_compile_model_5": 156.0344648361206,
    "relax_model_5": 36.33146095275879
}